image_path,category,split,defect_type,binary_label,is_defective,mask_path,has_mask
C:\Users\admin\Documents\Sandvik-Portfolio\industrial-image-defect-detection\data\raw\mvtec_ad\bottle\test\broken_large\000.png,bottle,test,broken_large,defective,True,C:\Users\admin\Documents\Sandvik-Portfolio\industrial-image-defect-detection\data\raw\mvtec_ad\bottle\ground_truth\broken_large\000_mask.png,True
C:\Users\admin\Documents\Sandvik-Portfolio\industrial-image-defect-detection\data\raw\mvtec_ad\bottle\test\broken_large\001.png,bottle,test,broken_large,defective,True,C:\Users\admin\Documents\Sandvik-Portfolio\industrial-image-defect-detection\data\raw\mvtec_ad\bottle\ground_truth\broken_large\001_mask.png,True
C:\Users\admin\Documents\Sandvik-Portfolio\industrial-image-defect-detection\data\raw\mvtec_ad\bottle\test\broken_large\002.png,bottle,test,broken_large,defective,True,C:\Users\admin\Documents\Sandvik-Portfolio\industrial-image-defect-detection\data\raw\mvtec_ad\bottle\ground_truth\broken_large\002_mask.png,True
C:\Users\admin\Documents\Sandvik-Portfolio\industrial-image-defect-detection\data\raw\mvtec_ad\bottle\test\broken_large\003.png,bottle,test,broken_large,defective,True,C:\Users\admin\Documents\Sandvik-Portfolio\industrial-image-defect-detection\data\raw\mvtec_ad\bottle\ground_truth\broken_large\003_mask.png,True
C:\Users\admin\Documents\Sandvik-Portfolio\industrial-image-defect-detection\data\raw\mvtec_ad\bottle\test\broken_large\004.png,bottle,test,broken_large,defective,True,C:\Users\admin\Documents\Sandvik-Portfolio\industrial-image-defect-detection\data\raw\mvtec_ad\bottle\ground_truth\broken_large\004_mask.png,True
C:\Users\admin\Documents\Sandvik-Portfolio\industrial-image-defect-detection\data\raw\mvtec_ad\bottle\test\broken_large\005.png,bottle,test,broken_large,defective,True,C:\Users\admin\Documents\Sandvik-Portfolio\industrial-image-defect-detection\data\raw\mvtec_ad\bottle\ground_truth\broken_large\005_mask.png,True
C:\Users\admin\Documents\Sandvik-Portfolio\industrial-image-defect-detection\data\raw\mvtec_ad\bottle\test\broken_large\006.png,bottle,test,broken_large,defective,True,C:\Users\admin\Documents\Sandvik-Portfolio\industrial-image-defect-detection\data\raw\mvtec_ad\bottle\ground_truth\broken_large\006_mask.png,True
C:\Users\admin\Documents\Sandvik-Portfolio\industrial-image-defect-detection\data\raw\mvtec_ad\bottle\test\broken_large\007.png,bottle,test,broken_large,defective,True,C:\Users\admin\Documents\Sandvik-Portfolio\industrial-image-defect-detection\data\raw\mvtec_ad\bottle\ground_truth\broken_large\007_mask.png,True
C:\Users\admin\Documents\Sandvik-Portfolio\industrial-image-defect-detection\data\raw\mvtec_ad\bottle\test\broken_large\008.png,bottle,test,broken_large,defective,True,C:\Users\admin\Documents\Sandvik-Portfolio\industrial-image-defect-detection\data\raw\mvtec_ad\bottle\ground_truth\broken_large\008_mask.png,True
C:\Users\admin\Documents\Sandvik-Portfolio\industrial-image-defect-detection\data\raw\mvtec_ad\bottle\test\broken_large\009.png,bottle,test,broken_large,defective,True,C:\Users\admin\Documents\Sandvik-Portfolio\industrial-image-defect-detection\data\raw\mvtec_ad\bottle\ground_truth\broken_large\009_mask.png,True
C:\Users\admin\Documents\Sandvik-Portfolio\industrial-image-defect-detection\data\raw\mvtec_ad\bottle\test\broken_large\010.png,bottle,test,broken_large,defective,True,C:\Users\admin\Documents\Sandvik-Portfolio\industrial-image-defect-detection\data\raw\mvtec_ad\bottle\ground_truth\broken_large\010_mask.png,True
C:\Users\admin\Documents\Sandvik-Portfolio\industrial-image-defect-detection\data\raw\mvtec_ad\bottle\test\broken_large\011.png,bottle,test,broken_large,defective,True,C:\Users\admin\Documents\Sandvik-Portfolio\industrial-image-defect-detection\data\raw\mvtec_ad\bottle\ground_truth\broken_large\011_mask.png,True
C:\Users\admin\Documents\Sandvik-Portfolio\industrial-image-defect-detection\data\raw\mvtec_ad\bottle\test\broken_large\012.png,bottle,test,broken_large,defective,True,C:\Users\admin\Documents\Sandvik-Portfolio\industrial-image-defect-detection\data\raw\mvtec_ad\bottle\ground_truth\broken_large\012_mask.png,True
C:\Users\admin\Documents\Sandvik-Portfolio\industrial-image-defect-detection\data\raw\mvtec_ad\bottle\test\broken_large\013.png,bottle,test,broken_large,defective,True,C:\Users\admin\Documents\Sandvik-Portfolio\industrial-image-defect-detection\data\raw\mvtec_ad\bottle\ground_truth\broken_large\013_mask.png,True
C:\Users\admin\Documents\Sandvik-Portfolio\industrial-image-defect-detection\data\raw\mvtec_ad\bottle\test\broken_large\014.png,bottle,test,broken_large,defective,True,C:\Users\admin\Documents\Sandvik-Portfolio\industrial-image-defect-detection\data\raw\mvtec_ad\bottle\ground_truth\broken_large\014_mask.png,True
C:\Users\admin\Documents\Sandvik-Portfolio\industrial-image-defect-detection\data\raw\mvtec_ad\bottle\test\broken_large\015.png,bottle,test,broken_large,defective,True,C:\Users\admin\Documents\Sandvik-Portfolio\industrial-image-defect-detection\data\raw\mvtec_ad\bottle\ground_truth\broken_large\015_mask.png,True
C:\Users\admin\Documents\Sandvik-Portfolio\industrial-image-defect-detection\data\raw\mvtec_ad\bottle\test\broken_large\016.png,bottle,test,broken_large,defective,True,C:\Users\admin\Documents\Sandvik-Portfolio\industrial-image-defect-detection\data\raw\mvtec_ad\bottle\ground_truth\broken_large\016_mask.png,True
C:\Users\admin\Documents\Sandvik-Portfolio\industrial-image-defect-detection\data\raw\mvtec_ad\bottle\test\broken_large\017.png,bottle,test,broken_large,defective,True,C:\Users\admin\Documents\Sandvik-Portfolio\industrial-image-defect-detection\data\raw\mvtec_ad\bottle\ground_truth\broken_large\017_mask.png,True
C:\Users\admin\Documents\Sandvik-Portfolio\industrial-image-defect-detection\data\raw\mvtec_ad\bottle\test\broken_large\018.png,bottle,test,broken_large,defective,True,C:\Users\admin\Documents\Sandvik-Portfolio\industrial-image-defect-detection\data\raw\mvtec_ad\bottle\ground_truth\broken_large\018_mask.png,True
C:\Users\admin\Documents\Sandvik-Portfolio\industrial-image-defect-detection\data\raw\mvtec_ad\bottle\test\broken_large\019.png,bottle,test,broken_large,defective,True,C:\Users\admin\Documents\Sandvik-Portfolio\industrial-image-defect-detection\data\raw\mvtec_ad\bottle\ground_truth\broken_large\019_mask.png,True
C:\Users\admin\Documents\Sandvik-Portfolio\industrial-image-defect-detection\data\raw\mvtec_ad\bottle\test\broken_small\000.png,bottle,test,broken_small,defective,True,C:\Users\admin\Documents\Sandvik-Portfolio\industrial-image-defect-detection\data\raw\mvtec_ad\bottle\ground_truth\broken_small\000_mask.png,True
C:\Users\admin\Documents\Sandvik-Portfolio\industrial-image-defect-detection\data\raw\mvtec_ad\bottle\test\broken_small\001.png,bottle,test,broken_small,defective,True,C:\Users\admin\Documents\Sandvik-Portfolio\industrial-image-defect-detection\data\raw\mvtec_ad\bottle\ground_truth\broken_small\001_mask.png,True
C:\Users\admin\Documents\Sandvik-Portfolio\industrial-image-defect-detection\data\raw\mvtec_ad\bottle\test\broken_small\002.png,bottle,test,broken_small,defective,True,C:\Users\admin\Documents\Sandvik-Portfolio\industrial-image-defect-detection\data\raw\mvtec_ad\bottle\ground_truth\broken_small\002_mask.png,True
C:\Users\admin\Documents\Sandvik-Portfolio\industrial-image-defect-detection\data\raw\mvtec_ad\bottle\test\broken_small\003.png,bottle,test,broken_small,defective,True,C:\Users\admin\Documents\Sandvik-Portfolio\industrial-image-defect-detection\data\raw\mvtec_ad\bottle\ground_truth\broken_small\003_mask.png,True
C:\Users\admin\Documents\Sandvik-Portfolio\industrial-image-defect-detection\data\raw\mvtec_ad\bottle\test\broken_small\004.png,bottle,test,broken_small,defective,True,C:\Users\admin\Documents\Sandvik-Portfolio\industrial-image-defect-detection\data\raw\mvtec_ad\bottle\ground_truth\broken_small\004_mask.png,True
C:\Users\admin\Documents\Sandvik-Portfolio\industrial-image-defect-detection\data\raw\mvtec_ad\bottle\test\broken_small\005.png,bottle,test,broken_small,defective,True,C:\Users\admin\Documents\Sandvik-Portfolio\industrial-image-defect-detection\data\raw\mvtec_ad\bottle\ground_truth\broken_small\005_mask.png,True
C:\Users\admin\Documents\Sandvik-Portfolio\industrial-image-defect-detection\data\raw\mvtec_ad\bottle\test\broken_small\006.png,bottle,test,broken_small,defective,True,C:\Users\admin\Documents\Sandvik-Portfolio\industrial-image-defect-detection\data\raw\mvtec_ad\bottle\ground_truth\broken_small\006_mask.png,True
C:\Users\admin\Documents\Sandvik-Portfolio\industrial-image-defect-detection\data\raw\mvtec_ad\bottle\test\broken_small\007.png,bottle,test,broken_small,defective,True,C:\Users\admin\Documents\Sandvik-Portfolio\industrial-image-defect-detection\data\raw\mvtec_ad\bottle\ground_truth\broken_small\007_mask.png,True
C:\Users\admin\Documents\Sandvik-Portfolio\industrial-image-defect-detection\data\raw\mvtec_ad\bottle\test\broken_small\008.png,bottle,test,broken_small,defective,True,C:\Users\admin\Documents\Sandvik-Portfolio\industrial-image-defect-detection\data\raw\mvtec_ad\bottle\ground_truth\broken_small\008_mask.png,True
C:\Users\admin\Documents\Sandvik-Portfolio\industrial-image-defect-detection\data\raw\mvtec_ad\bottle\test\broken_small\009.png,bottle,test,broken_small,defective,True,C:\Users\admin\Documents\Sandvik-Portfolio\industrial-image-defect-detection\data\raw\mvtec_ad\bottle\ground_truth\broken_small\009_mask.png,True
C:\Users\admin\Documents\Sandvik-Portfolio\industrial-image-defect-detection\data\raw\mvtec_ad\bottle\test\broken_small\010.png,bottle,test,broken_small,defective,True,C:\Users\admin\Documents\Sandvik-Portfolio\industrial-image-defect-detection\data\raw\mvtec_ad\bottle\ground_truth\broken_small\010_mask.png,True
C:\Users\admin\Documents\Sandvik-Portfolio\industrial-image-defect-detection\data\raw\mvtec_ad\bottle\test\broken_small\011.png,bottle,test,broken_small,defective,True,C:\Users\admin\Documents\Sandvik-Portfolio\industrial-image-defect-detection\data\raw\mvtec_ad\bottle\ground_truth\broken_small\011_mask.png,True
C:\Users\admin\Documents\Sandvik-Portfolio\industrial-image-defect-detection\data\raw\mvtec_ad\bottle\test\broken_small\012.png,bottle,test,broken_small,defective,True,C:\Users\admin\Documents\Sandvik-Portfolio\industrial-image-defect-detection\data\raw\mvtec_ad\bottle\ground_truth\broken_small\012_mask.png,True
C:\Users\admin\Documents\Sandvik-Portfolio\industrial-image-defect-detection\data\raw\mvtec_ad\bottle\test\broken_small\013.png,bottle,test,broken_small,defective,True,C:\Users\admin\Documents\Sandvik-Portfolio\industrial-image-defect-detection\data\raw\mvtec_ad\bottle\ground_truth\broken_small\013_mask.png,True
C:\Users\admin\Documents\Sandvik-Portfolio\industrial-image-defect-detection\data\raw\mvtec_ad\bottle\test\broken_small\014.png,bottle,test,broken_small,defective,True,C:\Users\admin\Documents\Sandvik-Portfolio\industrial-image-defect-detection\data\raw\mvtec_ad\bottle\ground_truth\broken_small\014_mask.png,True
C:\Users\admin\Documents\Sandvik-Portfolio\industrial-image-defect-detection\data\raw\mvtec_ad\bottle\test\broken_small\015.png,bottle,test,broken_small,defective,True,C:\Users\admin\Documents\Sandvik-Portfolio\industrial-image-defect-detection\data\raw\mvtec_ad\bottle\ground_truth\broken_small\015_mask.png,True
C:\Users\admin\Documents\Sandvik-Portfolio\industrial-image-defect-detection\data\raw\mvtec_ad\bottle\test\broken_small\016.png,bottle,test,broken_small,defective,True,C:\Users\admin\Documents\Sandvik-Portfolio\industrial-image-defect-detection\data\raw\mvtec_ad\bottle\ground_truth\broken_small\016_mask.png,True
C:\Users\admin\Documents\Sandvik-Portfolio\industrial-image-defect-detection\data\raw\mvtec_ad\bottle\test\broken_small\017.png,bottle,test,broken_small,defective,True,C:\Users\admin\Documents\Sandvik-Portfolio\industrial-image-defect-detection\data\raw\mvtec_ad\bottle\ground_truth\broken_small\017_mask.png,True
C:\Users\admin\Documents\Sandvik-Portfolio\industrial-image-defect-detection\data\raw\mvtec_ad\bottle\test\broken_small\018.png,bottle,test,broken_small,defective,True,C:\Users\admin\Documents\Sandvik-Portfolio\industrial-image-defect-detection\data\raw\mvtec_ad\bottle\ground_truth\broken_small\018_mask.png,True
C:\Users\admin\Documents\Sandvik-Portfolio\industrial-image-defect-detection\data\raw\mvtec_ad\bottle\test\broken_small\019.png,bottle,test,broken_small,defective,True,C:\Users\admin\Documents\Sandvik-Portfolio\industrial-image-defect-detection\data\raw\mvtec_ad\bottle\ground_truth\broken_small\019_mask.png,True
C:\Users\admin\Documents\Sandvik-Portfolio\industrial-image-defect-detection\data\raw\mvtec_ad\bottle\test\broken_small\020.png,bottle,test,broken_small,defective,True,C:\Users\admin\Documents\Sandvik-Portfolio\industrial-image-defect-detection\data\raw\mvtec_ad\bottle\ground_truth\broken_small\020_mask.png,True
C:\Users\admin\Documents\Sandvik-Portfolio\industrial-image-defect-detection\data\raw\mvtec_ad\bottle\test\broken_small\021.png,bottle,test,broken_small,defective,True,C:\Users\admin\Documents\Sandvik-Portfolio\industrial-image-defect-detection\data\raw\mvtec_ad\bottle\ground_truth\broken_small\021_mask.png,True
C:\Users\admin\Documents\Sandvik-Portfolio\industrial-image-defect-detection\data\raw\mvtec_ad\bottle\test\contamination\000.png,bottle,test,contamination,defective,True,C:\Users\admin\Documents\Sandvik-Portfolio\industrial-image-defect-detection\data\raw\mvtec_ad\bottle\ground_truth\contamination\000_mask.png,True
C:\Users\admin\Documents\Sandvik-Portfolio\industrial-image-defect-detection\data\raw\mvtec_ad\bottle\test\contamination\001.png,bottle,test,contamination,defective,True,C:\Users\admin\Documents\Sandvik-Portfolio\industrial-image-defect-detection\data\raw\mvtec_ad\bottle\ground_truth\contamination\001_mask.png,True
C:\Users\admin\Documents\Sandvik-Portfolio\industrial-image-defect-detection\data\raw\mvtec_ad\bottle\test\contamination\002.png,bottle,test,contamination,defective,True,C:\Users\admin\Documents\Sandvik-Portfolio\industrial-image-defect-detection\data\raw\mvtec_ad\bottle\ground_truth\contamination\002_mask.png,True
C:\Users\admin\Documents\Sandvik-Portfolio\industrial-image-defect-detection\data\raw\mvtec_ad\bottle\test\contamination\003.png,bottle,test,contamination,defective,True,C:\Users\admin\Documents\Sandvik-Portfolio\industrial-image-defect-detection\data\raw\mvtec_ad\bottle\ground_truth\contamination\003_mask.png,True
C:\Users\admin\Documents\Sandvik-Portfolio\industrial-image-defect-detection\data\raw\mvtec_ad\bottle\test\contamination\004.png,bottle,test,contamination,defective,True,C:\Users\admin\Documents\Sandvik-Portfolio\industrial-image-defect-detection\data\raw\mvtec_ad\bottle\ground_truth\contamination\004_mask.png,True
C:\Users\admin\Documents\Sandvik-Portfolio\industrial-image-defect-detection\data\raw\mvtec_ad\bottle\test\contamination\005.png,bottle,test,contamination,defective,True,C:\Users\admin\Documents\Sandvik-Portfolio\industrial-image-defect-detection\data\raw\mvtec_ad\bottle\ground_truth\contamination\005_mask.png,True
C:\Users\admin\Documents\Sandvik-Portfolio\industrial-image-defect-detection\data\raw\mvtec_ad\bottle\test\contamination\006.png,bottle,test,contamination,defective,True,C:\Users\admin\Documents\Sandvik-Portfolio\industrial-image-defect-detection\data\raw\mvtec_ad\bottle\ground_truth\contamination\006_mask.png,True
C:\Users\admin\Documents\Sandvik-Portfolio\industrial-image-defect-detection\data\raw\mvtec_ad\bottle\test\contamination\007.png,bottle,test,contamination,defective,True,C:\Users\admin\Documents\Sandvik-Portfolio\industrial-image-defect-detection\data\raw\mvtec_ad\bottle\ground_truth\contamination\007_mask.png,True
C:\Users\admin\Documents\Sandvik-Portfolio\industrial-image-defect-detection\data\raw\mvtec_ad\bottle\test\contamination\008.png,bottle,test,contamination,defective,True,C:\Users\admin\Documents\Sandvik-Portfolio\industrial-image-defect-detection\data\raw\mvtec_ad\bottle\ground_truth\contamination\008_mask.png,True
C:\Users\admin\Documents\Sandvik-Portfolio\industrial-image-defect-detection\data\raw\mvtec_ad\bottle\test\contamination\009.png,bottle,test,contamination,defective,True,C:\Users\admin\Documents\Sandvik-Portfolio\industrial-image-defect-detection\data\raw\mvtec_ad\bottle\ground_truth\contamination\009_mask.png,True
C:\Users\admin\Documents\Sandvik-Portfolio\industrial-image-defect-detection\data\raw\mvtec_ad\bottle\test\contamination\010.png,bottle,test,contamination,defective,True,C:\Users\admin\Documents\Sandvik-Portfolio\industrial-image-defect-detection\data\raw\mvtec_ad\bottle\ground_truth\contamination\010_mask.png,True
C:\Users\admin\Documents\Sandvik-Portfolio\industrial-image-defect-detection\data\raw\mvtec_ad\bottle\test\contamination\011.png,bottle,test,contamination,defective,True,C:\Users\admin\Documents\Sandvik-Portfolio\industrial-image-defect-detection\data\raw\mvtec_ad\bottle\ground_truth\contamination\011_mask.png,True
C:\Users\admin\Documents\Sandvik-Portfolio\industrial-image-defect-detection\data\raw\mvtec_ad\bottle\test\contamination\012.png,bottle,test,contamination,defective,True,C:\Users\admin\Documents\Sandvik-Portfolio\industrial-image-defect-detection\data\raw\mvtec_ad\bottle\ground_truth\contamination\012_mask.png,True
C:\Users\admin\Documents\Sandvik-Portfolio\industrial-image-defect-detection\data\raw\mvtec_ad\bottle\test\contamination\013.png,bottle,test,contamination,defective,True,C:\Users\admin\Documents\Sandvik-Portfolio\industrial-image-defect-detection\data\raw\mvtec_ad\bottle\ground_truth\contamination\013_mask.png,True
C:\Users\admin\Documents\Sandvik-Portfolio\industrial-image-defect-detection\data\raw\mvtec_ad\bottle\test\contamination\014.png,bottle,test,contamination,defective,True,C:\Users\admin\Documents\Sandvik-Portfolio\industrial-image-defect-detection\data\raw\mvtec_ad\bottle\ground_truth\contamination\014_mask.png,True
C:\Users\admin\Documents\Sandvik-Portfolio\industrial-image-defect-detection\data\raw\mvtec_ad\bottle\test\contamination\015.png,bottle,test,contamination,defective,True,C:\Users\admin\Documents\Sandvik-Portfolio\industrial-image-defect-detection\data\raw\mvtec_ad\bottle\ground_truth\contamination\015_mask.png,True
C:\Users\admin\Documents\Sandvik-Portfolio\industrial-image-defect-detection\data\raw\mvtec_ad\bottle\test\contamination\016.png,bottle,test,contamination,defective,True,C:\Users\admin\Documents\Sandvik-Portfolio\industrial-image-defect-detection\data\raw\mvtec_ad\bottle\ground_truth\contamination\016_mask.png,True
C:\Users\admin\Documents\Sandvik-Portfolio\industrial-image-defect-detection\data\raw\mvtec_ad\bottle\test\contamination\017.png,bottle,test,contamination,defective,True,C:\Users\admin\Documents\Sandvik-Portfolio\industrial-image-defect-detection\data\raw\mvtec_ad\bottle\ground_truth\contamination\017_mask.png,True
C:\Users\admin\Documents\Sandvik-Portfolio\industrial-image-defect-detection\data\raw\mvtec_ad\bottle\test\contamination\018.png,bottle,test,contamination,defective,True,C:\Users\admin\Documents\Sandvik-Portfolio\industrial-image-defect-detection\data\raw\mvtec_ad\bottle\ground_truth\contamination\018_mask.png,True
C:\Users\admin\Documents\Sandvik-Portfolio\industrial-image-defect-detection\data\raw\mvtec_ad\bottle\test\contamination\019.png,bottle,test,contamination,defective,True,C:\Users\admin\Documents\Sandvik-Portfolio\industrial-image-defect-detection\data\raw\mvtec_ad\bottle\ground_truth\contamination\019_mask.png,True
C:\Users\admin\Documents\Sandvik-Portfolio\industrial-image-defect-detection\data\raw\mvtec_ad\bottle\test\contamination\020.png,bottle,test,contamination,defective,True,C:\Users\admin\Documents\Sandvik-Portfolio\industrial-image-defect-detection\data\raw\mvtec_ad\bottle\ground_truth\contamination\020_mask.png,True
C:\Users\admin\Documents\Sandvik-Portfolio\industrial-image-defect-detection\data\raw\mvtec_ad\bottle\test\good\000.png,bottle,test,good,normal,False,,False
C:\Users\admin\Documents\Sandvik-Portfolio\industrial-image-defect-detection\data\raw\mvtec_ad\bottle\test\good\001.png,bottle,test,good,normal,False,,False
C:\Users\admin\Documents\Sandvik-Portfolio\industrial-image-defect-detection\data\raw\mvtec_ad\bottle\test\good\002.png,bottle,test,good,normal,False,,False
C:\Users\admin\Documents\Sandvik-Portfolio\industrial-image-defect-detection\data\raw\mvtec_ad\bottle\test\good\003.png,bottle,test,good,normal,False,,False
C:\Users\admin\Documents\Sandvik-Portfolio\industrial-image-defect-detection\data\raw\mvtec_ad\bottle\test\good\004.png,bottle,test,good,normal,False,,False
C:\Users\admin\Documents\Sandvik-Portfolio\industrial-image-defect-detection\data\raw\mvtec_ad\bottle\test\good\005.png,bottle,test,good,normal,False,,False
C:\Users\admin\Documents\Sandvik-Portfolio\industrial-image-defect-detection\data\raw\mvtec_ad\bottle\test\good\006.png,bottle,test,good,normal,False,,False
C:\Users\admin\Documents\Sandvik-Portfolio\industrial-image-defect-detection\data\raw\mvtec_ad\bottle\test\good\007.png,bottle,test,good,normal,False,,False
C:\Users\admin\Documents\Sandvik-Portfolio\industrial-image-defect-detection\data\raw\mvtec_ad\bottle\test\good\008.png,bottle,test,good,normal,False,,False
C:\Users\admin\Documents\Sandvik-Portfolio\industrial-image-defect-detection\data\raw\mvtec_ad\bottle\test\good\009.png,bottle,test,good,normal,False,,False
C:\Users\admin\Documents\Sandvik-Portfolio\industrial-image-defect-detection\data\raw\mvtec_ad\bottle\test\good\010.png,bottle,test,good,normal,False,,False
C:\Users\admin\Documents\Sandvik-Portfolio\industrial-image-defect-detection\data\raw\mvtec_ad\bottle\test\good\011.png,bottle,test,good,normal,False,,False
C:\Users\admin\Documents\Sandvik-Portfolio\industrial-image-defect-detection\data\raw\mvtec_ad\bottle\test\good\012.png,bottle,test,good,normal,False,,False
C:\Users\admin\Documents\Sandvik-Portfolio\industrial-image-defect-detection\data\raw\mvtec_ad\bottle\test\good\013.png,bottle,test,good,normal,False,,False
C:\Users\admin\Documents\Sandvik-Portfolio\industrial-image-defect-detection\data\raw\mvtec_ad\bottle\test\good\014.png,bottle,test,good,normal,False,,False
C:\Users\admin\Documents\Sandvik-Portfolio\industrial-image-defect-detection\data\raw\mvtec_ad\bottle\test\good\015.png,bottle,test,good,normal,False,,False
C:\Users\admin\Documents\Sandvik-Portfolio\industrial-image-defect-detection\data\raw\mvtec_ad\bottle\test\good\016.png,bottle,test,good,normal,False,,False
C:\Users\admin\Documents\Sandvik-Portfolio\industrial-image-defect-detection\data\raw\mvtec_ad\bottle\test\good\017.png,bottle,test,good,normal,False,,False
C:\Users\admin\Documents\Sandvik-Portfolio\industrial-image-defect-detection\data\raw\mvtec_ad\bottle\test\good\018.png,bottle,test,good,normal,False,,False
C:\Users\admin\Documents\Sandvik-Portfolio\industrial-image-defect-detection\data\raw\mvtec_ad\bottle\test\good\019.png,bottle,test,good,normal,False,,False
C:\Users\admin\Documents\Sandvik-Portfolio\industrial-image-defect-detection\data\raw\mvtec_ad\bottle\train\good\000.png,bottle,train,good,normal,False,,False
C:\Users\admin\Documents\Sandvik-Portfolio\industrial-image-defect-detection\data\raw\mvtec_ad\bottle\train\good\001.png,bottle,train,good,normal,False,,False
C:\Users\admin\Documents\Sandvik-Portfolio\industrial-image-defect-detection\data\raw\mvtec_ad\bottle\train\good\002.png,bottle,train,good,normal,False,,False
C:\Users\admin\Documents\Sandvik-Portfolio\industrial-image-defect-detection\data\raw\mvtec_ad\bottle\train\good\003.png,bottle,train,good,normal,False,,False
C:\Users\admin\Documents\Sandvik-Portfolio\industrial-image-defect-detection\data\raw\mvtec_ad\bottle\train\good\004.png,bottle,train,good,normal,False,,False
C:\Users\admin\Documents\Sandvik-Portfolio\industrial-image-defect-detection\data\raw\mvtec_ad\bottle\train\good\005.png,bottle,train,good,normal,False,,False
C:\Users\admin\Documents\Sandvik-Portfolio\industrial-image-defect-detection\data\raw\mvtec_ad\bottle\train\good\006.png,bottle,train,good,normal,False,,False
C:\Users\admin\Documents\Sandvik-Portfolio\industrial-image-defect-detection\data\raw\mvtec_ad\bottle\train\good\007.png,bottle,train,good,normal,False,,False
C:\Users\admin\Documents\Sandvik-Portfolio\industrial-image-defect-detection\data\raw\mvtec_ad\bottle\train\good\008.png,bottle,train,good,normal,False,,False
C:\Users\admin\Documents\Sandvik-Portfolio\industrial-image-defect-detection\data\raw\mvtec_ad\bottle\train\good\009.png,bottle,train,good,normal,False,,False
C:\Users\admin\Documents\Sandvik-Portfolio\industrial-image-defect-detection\data\raw\mvtec_ad\bottle\train\good\010.png,bottle,train,good,normal,False,,False
C:\Users\admin\Documents\Sandvik-Portfolio\industrial-image-defect-detection\data\raw\mvtec_ad\bottle\train\good\011.png,bottle,train,good,normal,False,,False
C:\Users\admin\Documents\Sandvik-Portfolio\industrial-image-defect-detection\data\raw\mvtec_ad\bottle\train\good\012.png,bottle,train,good,normal,False,,False
C:\Users\admin\Documents\Sandvik-Portfolio\industrial-image-defect-detection\data\raw\mvtec_ad\bottle\train\good\013.png,bottle,train,good,normal,False,,False
C:\Users\admin\Documents\Sandvik-Portfolio\industrial-image-defect-detection\data\raw\mvtec_ad\bottle\train\good\014.png,bottle,train,good,normal,False,,False
C:\Users\admin\Documents\Sandvik-Portfolio\industrial-image-defect-detection\data\raw\mvtec_ad\bottle\train\good\015.png,bottle,train,good,normal,False,,False
C:\Users\admin\Documents\Sandvik-Portfolio\industrial-image-defect-detection\data\raw\mvtec_ad\bottle\train\good\016.png,bottle,train,good,normal,False,,False
C:\Users\admin\Documents\Sandvik-Portfolio\industrial-image-defect-detection\data\raw\mvtec_ad\bottle\train\good\017.png,bottle,train,good,normal,False,,False
C:\Users\admin\Documents\Sandvik-Portfolio\industrial-image-defect-detection\data\raw\mvtec_ad\bottle\train\good\018.png,bottle,train,good,normal,False,,False
C:\Users\admin\Documents\Sandvik-Portfolio\industrial-image-defect-detection\data\raw\mvtec_ad\bottle\train\good\019.png,bottle,train,good,normal,False,,False
C:\Users\admin\Documents\Sandvik-Portfolio\industrial-image-defect-detection\data\raw\mvtec_ad\bottle\train\good\020.png,bottle,train,good,normal,False,,False
C:\Users\admin\Documents\Sandvik-Portfolio\industrial-image-defect-detection\data\raw\mvtec_ad\bottle\train\good\021.png,bottle,train,good,normal,False,,False
C:\Users\admin\Documents\Sandvik-Portfolio\industrial-image-defect-detection\data\raw\mvtec_ad\bottle\train\good\022.png,bottle,train,good,normal,False,,False
C:\Users\admin\Documents\Sandvik-Portfolio\industrial-image-defect-detection\data\raw\mvtec_ad\bottle\train\good\023.png,bottle,train,good,normal,False,,False
C:\Users\admin\Documents\Sandvik-Portfolio\industrial-image-defect-detection\data\raw\mvtec_ad\bottle\train\good\024.png,bottle,train,good,normal,False,,False
C:\Users\admin\Documents\Sandvik-Portfolio\industrial-image-defect-detection\data\raw\mvtec_ad\bottle\train\good\025.png,bottle,train,good,normal,False,,False
C:\Users\admin\Documents\Sandvik-Portfolio\industrial-image-defect-detection\data\raw\mvtec_ad\bottle\train\good\026.png,bottle,train,good,normal,False,,False
C:\Users\admin\Documents\Sandvik-Portfolio\industrial-image-defect-detection\data\raw\mvtec_ad\bottle\train\good\027.png,bottle,train,good,normal,False,,False
C:\Users\admin\Documents\Sandvik-Portfolio\industrial-image-defect-detection\data\raw\mvtec_ad\bottle\train\good\028.png,bottle,train,good,normal,False,,False
C:\Users\admin\Documents\Sandvik-Portfolio\industrial-image-defect-detection\data\raw\mvtec_ad\bottle\train\good\029.png,bottle,train,good,normal,False,,False
C:\Users\admin\Documents\Sandvik-Portfolio\industrial-image-defect-detection\data\raw\mvtec_ad\bottle\train\good\030.png,bottle,train,good,normal,False,,False
C:\Users\admin\Documents\Sandvik-Portfolio\industrial-image-defect-detection\data\raw\mvtec_ad\bottle\train\good\031.png,bottle,train,good,normal,False,,False
C:\Users\admin\Documents\Sandvik-Portfolio\industrial-image-defect-detection\data\raw\mvtec_ad\bottle\train\good\032.png,bottle,train,good,normal,False,,False
C:\Users\admin\Documents\Sandvik-Portfolio\industrial-image-defect-detection\data\raw\mvtec_ad\bottle\train\good\033.png,bottle,train,good,normal,False,,False
C:\Users\admin\Documents\Sandvik-Portfolio\industrial-image-defect-detection\data\raw\mvtec_ad\bottle\train\good\034.png,bottle,train,good,normal,False,,False
C:\Users\admin\Documents\Sandvik-Portfolio\industrial-image-defect-detection\data\raw\mvtec_ad\bottle\train\good\035.png,bottle,train,good,normal,False,,False
C:\Users\admin\Documents\Sandvik-Portfolio\industrial-image-defect-detection\data\raw\mvtec_ad\bottle\train\good\036.png,bottle,train,good,normal,False,,False
C:\Users\admin\Documents\Sandvik-Portfolio\industrial-image-defect-detection\data\raw\mvtec_ad\bottle\train\good\037.png,bottle,train,good,normal,False,,False
C:\Users\admin\Documents\Sandvik-Portfolio\industrial-image-defect-detection\data\raw\mvtec_ad\bottle\train\good\038.png,bottle,train,good,normal,False,,False
C:\Users\admin\Documents\Sandvik-Portfolio\industrial-image-defect-detection\data\raw\mvtec_ad\bottle\train\good\039.png,bottle,train,good,normal,False,,False
C:\Users\admin\Documents\Sandvik-Portfolio\industrial-image-defect-detection\data\raw\mvtec_ad\bottle\train\good\040.png,bottle,train,good,normal,False,,False
C:\Users\admin\Documents\Sandvik-Portfolio\industrial-image-defect-detection\data\raw\mvtec_ad\bottle\train\good\041.png,bottle,train,good,normal,False,,False
C:\Users\admin\Documents\Sandvik-Portfolio\industrial-image-defect-detection\data\raw\mvtec_ad\bottle\train\good\042.png,bottle,train,good,normal,False,,False
C:\Users\admin\Documents\Sandvik-Portfolio\industrial-image-defect-detection\data\raw\mvtec_ad\bottle\train\good\043.png,bottle,train,good,normal,False,,False
C:\Users\admin\Documents\Sandvik-Portfolio\industrial-image-defect-detection\data\raw\mvtec_ad\bottle\train\good\044.png,bottle,train,good,normal,False,,False
C:\Users\admin\Documents\Sandvik-Portfolio\industrial-image-defect-detection\data\raw\mvtec_ad\bottle\train\good\045.png,bottle,train,good,normal,False,,False
C:\Users\admin\Documents\Sandvik-Portfolio\industrial-image-defect-detection\data\raw\mvtec_ad\bottle\train\good\046.png,bottle,train,good,normal,False,,False
C:\Users\admin\Documents\Sandvik-Portfolio\industrial-image-defect-detection\data\raw\mvtec_ad\bottle\train\good\047.png,bottle,train,good,normal,False,,False
C:\Users\admin\Documents\Sandvik-Portfolio\industrial-image-defect-detection\data\raw\mvtec_ad\bottle\train\good\048.png,bottle,train,good,normal,False,,False
C:\Users\admin\Documents\Sandvik-Portfolio\industrial-image-defect-detection\data\raw\mvtec_ad\bottle\train\good\049.png,bottle,train,good,normal,False,,False
C:\Users\admin\Documents\Sandvik-Portfolio\industrial-image-defect-detection\data\raw\mvtec_ad\bottle\train\good\050.png,bottle,train,good,normal,False,,False
C:\Users\admin\Documents\Sandvik-Portfolio\industrial-image-defect-detection\data\raw\mvtec_ad\bottle\train\good\051.png,bottle,train,good,normal,False,,False
C:\Users\admin\Documents\Sandvik-Portfolio\industrial-image-defect-detection\data\raw\mvtec_ad\bottle\train\good\052.png,bottle,train,good,normal,False,,False
C:\Users\admin\Documents\Sandvik-Portfolio\industrial-image-defect-detection\data\raw\mvtec_ad\bottle\train\good\053.png,bottle,train,good,normal,False,,False
C:\Users\admin\Documents\Sandvik-Portfolio\industrial-image-defect-detection\data\raw\mvtec_ad\bottle\train\good\054.png,bottle,train,good,normal,False,,False
C:\Users\admin\Documents\Sandvik-Portfolio\industrial-image-defect-detection\data\raw\mvtec_ad\bottle\train\good\055.png,bottle,train,good,normal,False,,False
C:\Users\admin\Documents\Sandvik-Portfolio\industrial-image-defect-detection\data\raw\mvtec_ad\bottle\train\good\056.png,bottle,train,good,normal,False,,False
C:\Users\admin\Documents\Sandvik-Portfolio\industrial-image-defect-detection\data\raw\mvtec_ad\bottle\train\good\057.png,bottle,train,good,normal,False,,False
C:\Users\admin\Documents\Sandvik-Portfolio\industrial-image-defect-detection\data\raw\mvtec_ad\bottle\train\good\058.png,bottle,train,good,normal,False,,False
C:\Users\admin\Documents\Sandvik-Portfolio\industrial-image-defect-detection\data\raw\mvtec_ad\bottle\train\good\059.png,bottle,train,good,normal,False,,False
C:\Users\admin\Documents\Sandvik-Portfolio\industrial-image-defect-detection\data\raw\mvtec_ad\bottle\train\good\060.png,bottle,train,good,normal,False,,False
C:\Users\admin\Documents\Sandvik-Portfolio\industrial-image-defect-detection\data\raw\mvtec_ad\bottle\train\good\061.png,bottle,train,good,normal,False,,False
C:\Users\admin\Documents\Sandvik-Portfolio\industrial-image-defect-detection\data\raw\mvtec_ad\bottle\train\good\062.png,bottle,train,good,normal,False,,False
C:\Users\admin\Documents\Sandvik-Portfolio\industrial-image-defect-detection\data\raw\mvtec_ad\bottle\train\good\063.png,bottle,train,good,normal,False,,False
C:\Users\admin\Documents\Sandvik-Portfolio\industrial-image-defect-detection\data\raw\mvtec_ad\bottle\train\good\064.png,bottle,train,good,normal,False,,False
C:\Users\admin\Documents\Sandvik-Portfolio\industrial-image-defect-detection\data\raw\mvtec_ad\bottle\train\good\065.png,bottle,train,good,normal,False,,False
C:\Users\admin\Documents\Sandvik-Portfolio\industrial-image-defect-detection\data\raw\mvtec_ad\bottle\train\good\066.png,bottle,train,good,normal,False,,False
C:\Users\admin\Documents\Sandvik-Portfolio\industrial-image-defect-detection\data\raw\mvtec_ad\bottle\train\good\067.png,bottle,train,good,normal,False,,False
C:\Users\admin\Documents\Sandvik-Portfolio\industrial-image-defect-detection\data\raw\mvtec_ad\bottle\train\good\068.png,bottle,train,good,normal,False,,False
C:\Users\admin\Documents\Sandvik-Portfolio\industrial-image-defect-detection\data\raw\mvtec_ad\bottle\train\good\069.png,bottle,train,good,normal,False,,False
C:\Users\admin\Documents\Sandvik-Portfolio\industrial-image-defect-detection\data\raw\mvtec_ad\bottle\train\good\070.png,bottle,train,good,normal,False,,False
C:\Users\admin\Documents\Sandvik-Portfolio\industrial-image-defect-detection\data\raw\mvtec_ad\bottle\train\good\071.png,bottle,train,good,normal,False,,False
C:\Users\admin\Documents\Sandvik-Portfolio\industrial-image-defect-detection\data\raw\mvtec_ad\bottle\train\good\072.png,bottle,train,good,normal,False,,False
C:\Users\admin\Documents\Sandvik-Portfolio\industrial-image-defect-detection\data\raw\mvtec_ad\bottle\train\good\073.png,bottle,train,good,normal,False,,False
C:\Users\admin\Documents\Sandvik-Portfolio\industrial-image-defect-detection\data\raw\mvtec_ad\bottle\train\good\074.png,bottle,train,good,normal,False,,False
C:\Users\admin\Documents\Sandvik-Portfolio\industrial-image-defect-detection\data\raw\mvtec_ad\bottle\train\good\075.png,bottle,train,good,normal,False,,False
C:\Users\admin\Documents\Sandvik-Portfolio\industrial-image-defect-detection\data\raw\mvtec_ad\bottle\train\good\076.png,bottle,train,good,normal,False,,False
C:\Users\admin\Documents\Sandvik-Portfolio\industrial-image-defect-detection\data\raw\mvtec_ad\bottle\train\good\077.png,bottle,train,good,normal,False,,False
C:\Users\admin\Documents\Sandvik-Portfolio\industrial-image-defect-detection\data\raw\mvtec_ad\bottle\train\good\078.png,bottle,train,good,normal,False,,False
C:\Users\admin\Documents\Sandvik-Portfolio\industrial-image-defect-detection\data\raw\mvtec_ad\bottle\train\good\079.png,bottle,train,good,normal,False,,False
C:\Users\admin\Documents\Sandvik-Portfolio\industrial-image-defect-detection\data\raw\mvtec_ad\bottle\train\good\080.png,bottle,train,good,normal,False,,False
C:\Users\admin\Documents\Sandvik-Portfolio\industrial-image-defect-detection\data\raw\mvtec_ad\bottle\train\good\081.png,bottle,train,good,normal,False,,False
C:\Users\admin\Documents\Sandvik-Portfolio\industrial-image-defect-detection\data\raw\mvtec_ad\bottle\train\good\082.png,bottle,train,good,normal,False,,False
C:\Users\admin\Documents\Sandvik-Portfolio\industrial-image-defect-detection\data\raw\mvtec_ad\bottle\train\good\083.png,bottle,train,good,normal,False,,False
C:\Users\admin\Documents\Sandvik-Portfolio\industrial-image-defect-detection\data\raw\mvtec_ad\bottle\train\good\084.png,bottle,train,good,normal,False,,False
C:\Users\admin\Documents\Sandvik-Portfolio\industrial-image-defect-detection\data\raw\mvtec_ad\bottle\train\good\085.png,bottle,train,good,normal,False,,False
C:\Users\admin\Documents\Sandvik-Portfolio\industrial-image-defect-detection\data\raw\mvtec_ad\bottle\train\good\086.png,bottle,train,good,normal,False,,False
C:\Users\admin\Documents\Sandvik-Portfolio\industrial-image-defect-detection\data\raw\mvtec_ad\bottle\train\good\087.png,bottle,train,good,normal,False,,False
C:\Users\admin\Documents\Sandvik-Portfolio\industrial-image-defect-detection\data\raw\mvtec_ad\bottle\train\good\088.png,bottle,train,good,normal,False,,False
C:\Users\admin\Documents\Sandvik-Portfolio\industrial-image-defect-detection\data\raw\mvtec_ad\bottle\train\good\089.png,bottle,train,good,normal,False,,False
C:\Users\admin\Documents\Sandvik-Portfolio\industrial-image-defect-detection\data\raw\mvtec_ad\bottle\train\good\090.png,bottle,train,good,normal,False,,False
C:\Users\admin\Documents\Sandvik-Portfolio\industrial-image-defect-detection\data\raw\mvtec_ad\bottle\train\good\091.png,bottle,train,good,normal,False,,False
C:\Users\admin\Documents\Sandvik-Portfolio\industrial-image-defect-detection\data\raw\mvtec_ad\bottle\train\good\092.png,bottle,train,good,normal,False,,False
C:\Users\admin\Documents\Sandvik-Portfolio\industrial-image-defect-detection\data\raw\mvtec_ad\bottle\train\good\093.png,bottle,train,good,normal,False,,False
C:\Users\admin\Documents\Sandvik-Portfolio\industrial-image-defect-detection\data\raw\mvtec_ad\bottle\train\good\094.png,bottle,train,good,normal,False,,False
C:\Users\admin\Documents\Sandvik-Portfolio\industrial-image-defect-detection\data\raw\mvtec_ad\bottle\train\good\095.png,bottle,train,good,normal,False,,False
C:\Users\admin\Documents\Sandvik-Portfolio\industrial-image-defect-detection\data\raw\mvtec_ad\bottle\train\good\096.png,bottle,train,good,normal,False,,False
C:\Users\admin\Documents\Sandvik-Portfolio\industrial-image-defect-detection\data\raw\mvtec_ad\bottle\train\good\097.png,bottle,train,good,normal,False,,False
C:\Users\admin\Documents\Sandvik-Portfolio\industrial-image-defect-detection\data\raw\mvtec_ad\bottle\train\good\098.png,bottle,train,good,normal,False,,False
C:\Users\admin\Documents\Sandvik-Portfolio\industrial-image-defect-detection\data\raw\mvtec_ad\bottle\train\good\099.png,bottle,train,good,normal,False,,False
C:\Users\admin\Documents\Sandvik-Portfolio\industrial-image-defect-detection\data\raw\mvtec_ad\bottle\train\good\100.png,bottle,train,good,normal,False,,False
C:\Users\admin\Documents\Sandvik-Portfolio\industrial-image-defect-detection\data\raw\mvtec_ad\bottle\train\good\101.png,bottle,train,good,normal,False,,False
C:\Users\admin\Documents\Sandvik-Portfolio\industrial-image-defect-detection\data\raw\mvtec_ad\bottle\train\good\102.png,bottle,train,good,normal,False,,False
C:\Users\admin\Documents\Sandvik-Portfolio\industrial-image-defect-detection\data\raw\mvtec_ad\bottle\train\good\103.png,bottle,train,good,normal,False,,False
C:\Users\admin\Documents\Sandvik-Portfolio\industrial-image-defect-detection\data\raw\mvtec_ad\bottle\train\good\104.png,bottle,train,good,normal,False,,False
C:\Users\admin\Documents\Sandvik-Portfolio\industrial-image-defect-detection\data\raw\mvtec_ad\bottle\train\good\105.png,bottle,train,good,normal,False,,False
C:\Users\admin\Documents\Sandvik-Portfolio\industrial-image-defect-detection\data\raw\mvtec_ad\bottle\train\good\106.png,bottle,train,good,normal,False,,False
C:\Users\admin\Documents\Sandvik-Portfolio\industrial-image-defect-detection\data\raw\mvtec_ad\bottle\train\good\107.png,bottle,train,good,normal,False,,False
C:\Users\admin\Documents\Sandvik-Portfolio\industrial-image-defect-detection\data\raw\mvtec_ad\bottle\train\good\108.png,bottle,train,good,normal,False,,False
C:\Users\admin\Documents\Sandvik-Portfolio\industrial-image-defect-detection\data\raw\mvtec_ad\bottle\train\good\109.png,bottle,train,good,normal,False,,False
C:\Users\admin\Documents\Sandvik-Portfolio\industrial-image-defect-detection\data\raw\mvtec_ad\bottle\train\good\110.png,bottle,train,good,normal,False,,False
C:\Users\admin\Documents\Sandvik-Portfolio\industrial-image-defect-detection\data\raw\mvtec_ad\bottle\train\good\111.png,bottle,train,good,normal,False,,False
C:\Users\admin\Documents\Sandvik-Portfolio\industrial-image-defect-detection\data\raw\mvtec_ad\bottle\train\good\112.png,bottle,train,good,normal,False,,False
C:\Users\admin\Documents\Sandvik-Portfolio\industrial-image-defect-detection\data\raw\mvtec_ad\bottle\train\good\113.png,bottle,train,good,normal,False,,False
C:\Users\admin\Documents\Sandvik-Portfolio\industrial-image-defect-detection\data\raw\mvtec_ad\bottle\train\good\114.png,bottle,train,good,normal,False,,False
C:\Users\admin\Documents\Sandvik-Portfolio\industrial-image-defect-detection\data\raw\mvtec_ad\bottle\train\good\115.png,bottle,train,good,normal,False,,False
C:\Users\admin\Documents\Sandvik-Portfolio\industrial-image-defect-detection\data\raw\mvtec_ad\bottle\train\good\116.png,bottle,train,good,normal,False,,False
C:\Users\admin\Documents\Sandvik-Portfolio\industrial-image-defect-detection\data\raw\mvtec_ad\bottle\train\good\117.png,bottle,train,good,normal,False,,False
C:\Users\admin\Documents\Sandvik-Portfolio\industrial-image-defect-detection\data\raw\mvtec_ad\bottle\train\good\118.png,bottle,train,good,normal,False,,False
C:\Users\admin\Documents\Sandvik-Portfolio\industrial-image-defect-detection\data\raw\mvtec_ad\bottle\train\good\119.png,bottle,train,good,normal,False,,False
C:\Users\admin\Documents\Sandvik-Portfolio\industrial-image-defect-detection\data\raw\mvtec_ad\bottle\train\good\120.png,bottle,train,good,normal,False,,False
C:\Users\admin\Documents\Sandvik-Portfolio\industrial-image-defect-detection\data\raw\mvtec_ad\bottle\train\good\121.png,bottle,train,good,normal,False,,False
C:\Users\admin\Documents\Sandvik-Portfolio\industrial-image-defect-detection\data\raw\mvtec_ad\bottle\train\good\122.png,bottle,train,good,normal,False,,False
C:\Users\admin\Documents\Sandvik-Portfolio\industrial-image-defect-detection\data\raw\mvtec_ad\bottle\train\good\123.png,bottle,train,good,normal,False,,False
C:\Users\admin\Documents\Sandvik-Portfolio\industrial-image-defect-detection\data\raw\mvtec_ad\bottle\train\good\124.png,bottle,train,good,normal,False,,False
C:\Users\admin\Documents\Sandvik-Portfolio\industrial-image-defect-detection\data\raw\mvtec_ad\bottle\train\good\125.png,bottle,train,good,normal,False,,False
C:\Users\admin\Documents\Sandvik-Portfolio\industrial-image-defect-detection\data\raw\mvtec_ad\bottle\train\good\126.png,bottle,train,good,normal,False,,False
C:\Users\admin\Documents\Sandvik-Portfolio\industrial-image-defect-detection\data\raw\mvtec_ad\bottle\train\good\127.png,bottle,train,good,normal,False,,False
C:\Users\admin\Documents\Sandvik-Portfolio\industrial-image-defect-detection\data\raw\mvtec_ad\bottle\train\good\128.png,bottle,train,good,normal,False,,False
C:\Users\admin\Documents\Sandvik-Portfolio\industrial-image-defect-detection\data\raw\mvtec_ad\bottle\train\good\129.png,bottle,train,good,normal,False,,False
C:\Users\admin\Documents\Sandvik-Portfolio\industrial-image-defect-detection\data\raw\mvtec_ad\bottle\train\good\130.png,bottle,train,good,normal,False,,False
C:\Users\admin\Documents\Sandvik-Portfolio\industrial-image-defect-detection\data\raw\mvtec_ad\bottle\train\good\131.png,bottle,train,good,normal,False,,False
C:\Users\admin\Documents\Sandvik-Portfolio\industrial-image-defect-detection\data\raw\mvtec_ad\bottle\train\good\132.png,bottle,train,good,normal,False,,False
C:\Users\admin\Documents\Sandvik-Portfolio\industrial-image-defect-detection\data\raw\mvtec_ad\bottle\train\good\133.png,bottle,train,good,normal,False,,False
C:\Users\admin\Documents\Sandvik-Portfolio\industrial-image-defect-detection\data\raw\mvtec_ad\bottle\train\good\134.png,bottle,train,good,normal,False,,False
C:\Users\admin\Documents\Sandvik-Portfolio\industrial-image-defect-detection\data\raw\mvtec_ad\bottle\train\good\135.png,bottle,train,good,normal,False,,False
C:\Users\admin\Documents\Sandvik-Portfolio\industrial-image-defect-detection\data\raw\mvtec_ad\bottle\train\good\136.png,bottle,train,good,normal,False,,False
C:\Users\admin\Documents\Sandvik-Portfolio\industrial-image-defect-detection\data\raw\mvtec_ad\bottle\train\good\137.png,bottle,train,good,normal,False,,False
C:\Users\admin\Documents\Sandvik-Portfolio\industrial-image-defect-detection\data\raw\mvtec_ad\bottle\train\good\138.png,bottle,train,good,normal,False,,False
C:\Users\admin\Documents\Sandvik-Portfolio\industrial-image-defect-detection\data\raw\mvtec_ad\bottle\train\good\139.png,bottle,train,good,normal,False,,False
C:\Users\admin\Documents\Sandvik-Portfolio\industrial-image-defect-detection\data\raw\mvtec_ad\bottle\train\good\140.png,bottle,train,good,normal,False,,False
C:\Users\admin\Documents\Sandvik-Portfolio\industrial-image-defect-detection\data\raw\mvtec_ad\bottle\train\good\141.png,bottle,train,good,normal,False,,False
C:\Users\admin\Documents\Sandvik-Portfolio\industrial-image-defect-detection\data\raw\mvtec_ad\bottle\train\good\142.png,bottle,train,good,normal,False,,False
C:\Users\admin\Documents\Sandvik-Portfolio\industrial-image-defect-detection\data\raw\mvtec_ad\bottle\train\good\143.png,bottle,train,good,normal,False,,False
C:\Users\admin\Documents\Sandvik-Portfolio\industrial-image-defect-detection\data\raw\mvtec_ad\bottle\train\good\144.png,bottle,train,good,normal,False,,False
C:\Users\admin\Documents\Sandvik-Portfolio\industrial-image-defect-detection\data\raw\mvtec_ad\bottle\train\good\145.png,bottle,train,good,normal,False,,False
C:\Users\admin\Documents\Sandvik-Portfolio\industrial-image-defect-detection\data\raw\mvtec_ad\bottle\train\good\146.png,bottle,train,good,normal,False,,False
C:\Users\admin\Documents\Sandvik-Portfolio\industrial-image-defect-detection\data\raw\mvtec_ad\bottle\train\good\147.png,bottle,train,good,normal,False,,False
C:\Users\admin\Documents\Sandvik-Portfolio\industrial-image-defect-detection\data\raw\mvtec_ad\bottle\train\good\148.png,bottle,train,good,normal,False,,False
C:\Users\admin\Documents\Sandvik-Portfolio\industrial-image-defect-detection\data\raw\mvtec_ad\bottle\train\good\149.png,bottle,train,good,normal,False,,False
C:\Users\admin\Documents\Sandvik-Portfolio\industrial-image-defect-detection\data\raw\mvtec_ad\bottle\train\good\150.png,bottle,train,good,normal,False,,False
C:\Users\admin\Documents\Sandvik-Portfolio\industrial-image-defect-detection\data\raw\mvtec_ad\bottle\train\good\151.png,bottle,train,good,normal,False,,False
C:\Users\admin\Documents\Sandvik-Portfolio\industrial-image-defect-detection\data\raw\mvtec_ad\bottle\train\good\152.png,bottle,train,good,normal,False,,False
C:\Users\admin\Documents\Sandvik-Portfolio\industrial-image-defect-detection\data\raw\mvtec_ad\bottle\train\good\153.png,bottle,train,good,normal,False,,False
C:\Users\admin\Documents\Sandvik-Portfolio\industrial-image-defect-detection\data\raw\mvtec_ad\bottle\train\good\154.png,bottle,train,good,normal,False,,False
C:\Users\admin\Documents\Sandvik-Portfolio\industrial-image-defect-detection\data\raw\mvtec_ad\bottle\train\good\155.png,bottle,train,good,normal,False,,False
C:\Users\admin\Documents\Sandvik-Portfolio\industrial-image-defect-detection\data\raw\mvtec_ad\bottle\train\good\156.png,bottle,train,good,normal,False,,False
C:\Users\admin\Documents\Sandvik-Portfolio\industrial-image-defect-detection\data\raw\mvtec_ad\bottle\train\good\157.png,bottle,train,good,normal,False,,False
C:\Users\admin\Documents\Sandvik-Portfolio\industrial-image-defect-detection\data\raw\mvtec_ad\bottle\train\good\158.png,bottle,train,good,normal,False,,False
C:\Users\admin\Documents\Sandvik-Portfolio\industrial-image-defect-detection\data\raw\mvtec_ad\bottle\train\good\159.png,bottle,train,good,normal,False,,False
C:\Users\admin\Documents\Sandvik-Portfolio\industrial-image-defect-detection\data\raw\mvtec_ad\bottle\train\good\160.png,bottle,train,good,normal,False,,False
C:\Users\admin\Documents\Sandvik-Portfolio\industrial-image-defect-detection\data\raw\mvtec_ad\bottle\train\good\161.png,bottle,train,good,normal,False,,False
C:\Users\admin\Documents\Sandvik-Portfolio\industrial-image-defect-detection\data\raw\mvtec_ad\bottle\train\good\162.png,bottle,train,good,normal,False,,False
C:\Users\admin\Documents\Sandvik-Portfolio\industrial-image-defect-detection\data\raw\mvtec_ad\bottle\train\good\163.png,bottle,train,good,normal,False,,False
C:\Users\admin\Documents\Sandvik-Portfolio\industrial-image-defect-detection\data\raw\mvtec_ad\bottle\train\good\164.png,bottle,train,good,normal,False,,False
C:\Users\admin\Documents\Sandvik-Portfolio\industrial-image-defect-detection\data\raw\mvtec_ad\bottle\train\good\165.png,bottle,train,good,normal,False,,False
C:\Users\admin\Documents\Sandvik-Portfolio\industrial-image-defect-detection\data\raw\mvtec_ad\bottle\train\good\166.png,bottle,train,good,normal,False,,False
C:\Users\admin\Documents\Sandvik-Portfolio\industrial-image-defect-detection\data\raw\mvtec_ad\bottle\train\good\167.png,bottle,train,good,normal,False,,False
C:\Users\admin\Documents\Sandvik-Portfolio\industrial-image-defect-detection\data\raw\mvtec_ad\bottle\train\good\168.png,bottle,train,good,normal,False,,False
C:\Users\admin\Documents\Sandvik-Portfolio\industrial-image-defect-detection\data\raw\mvtec_ad\bottle\train\good\169.png,bottle,train,good,normal,False,,False
C:\Users\admin\Documents\Sandvik-Portfolio\industrial-image-defect-detection\data\raw\mvtec_ad\bottle\train\good\170.png,bottle,train,good,normal,False,,False
C:\Users\admin\Documents\Sandvik-Portfolio\industrial-image-defect-detection\data\raw\mvtec_ad\bottle\train\good\171.png,bottle,train,good,normal,False,,False
C:\Users\admin\Documents\Sandvik-Portfolio\industrial-image-defect-detection\data\raw\mvtec_ad\bottle\train\good\172.png,bottle,train,good,normal,False,,False
C:\Users\admin\Documents\Sandvik-Portfolio\industrial-image-defect-detection\data\raw\mvtec_ad\bottle\train\good\173.png,bottle,train,good,normal,False,,False
C:\Users\admin\Documents\Sandvik-Portfolio\industrial-image-defect-detection\data\raw\mvtec_ad\bottle\train\good\174.png,bottle,train,good,normal,False,,False
C:\Users\admin\Documents\Sandvik-Portfolio\industrial-image-defect-detection\data\raw\mvtec_ad\bottle\train\good\175.png,bottle,train,good,normal,False,,False
C:\Users\admin\Documents\Sandvik-Portfolio\industrial-image-defect-detection\data\raw\mvtec_ad\bottle\train\good\176.png,bottle,train,good,normal,False,,False
C:\Users\admin\Documents\Sandvik-Portfolio\industrial-image-defect-detection\data\raw\mvtec_ad\bottle\train\good\177.png,bottle,train,good,normal,False,,False
C:\Users\admin\Documents\Sandvik-Portfolio\industrial-image-defect-detection\data\raw\mvtec_ad\bottle\train\good\178.png,bottle,train,good,normal,False,,False
C:\Users\admin\Documents\Sandvik-Portfolio\industrial-image-defect-detection\data\raw\mvtec_ad\bottle\train\good\179.png,bottle,train,good,normal,False,,False
C:\Users\admin\Documents\Sandvik-Portfolio\industrial-image-defect-detection\data\raw\mvtec_ad\bottle\train\good\180.png,bottle,train,good,normal,False,,False
C:\Users\admin\Documents\Sandvik-Portfolio\industrial-image-defect-detection\data\raw\mvtec_ad\bottle\train\good\181.png,bottle,train,good,normal,False,,False
C:\Users\admin\Documents\Sandvik-Portfolio\industrial-image-defect-detection\data\raw\mvtec_ad\bottle\train\good\182.png,bottle,train,good,normal,False,,False
C:\Users\admin\Documents\Sandvik-Portfolio\industrial-image-defect-detection\data\raw\mvtec_ad\bottle\train\good\183.png,bottle,train,good,normal,False,,False
C:\Users\admin\Documents\Sandvik-Portfolio\industrial-image-defect-detection\data\raw\mvtec_ad\bottle\train\good\184.png,bottle,train,good,normal,False,,False
C:\Users\admin\Documents\Sandvik-Portfolio\industrial-image-defect-detection\data\raw\mvtec_ad\bottle\train\good\185.png,bottle,train,good,normal,False,,False
C:\Users\admin\Documents\Sandvik-Portfolio\industrial-image-defect-detection\data\raw\mvtec_ad\bottle\train\good\186.png,bottle,train,good,normal,False,,False
C:\Users\admin\Documents\Sandvik-Portfolio\industrial-image-defect-detection\data\raw\mvtec_ad\bottle\train\good\187.png,bottle,train,good,normal,False,,False
C:\Users\admin\Documents\Sandvik-Portfolio\industrial-image-defect-detection\data\raw\mvtec_ad\bottle\train\good\188.png,bottle,train,good,normal,False,,False
C:\Users\admin\Documents\Sandvik-Portfolio\industrial-image-defect-detection\data\raw\mvtec_ad\bottle\train\good\189.png,bottle,train,good,normal,False,,False
C:\Users\admin\Documents\Sandvik-Portfolio\industrial-image-defect-detection\data\raw\mvtec_ad\bottle\train\good\190.png,bottle,train,good,normal,False,,False
C:\Users\admin\Documents\Sandvik-Portfolio\industrial-image-defect-detection\data\raw\mvtec_ad\bottle\train\good\191.png,bottle,train,good,normal,False,,False
C:\Users\admin\Documents\Sandvik-Portfolio\industrial-image-defect-detection\data\raw\mvtec_ad\bottle\train\good\192.png,bottle,train,good,normal,False,,False
C:\Users\admin\Documents\Sandvik-Portfolio\industrial-image-defect-detection\data\raw\mvtec_ad\bottle\train\good\193.png,bottle,train,good,normal,False,,False
C:\Users\admin\Documents\Sandvik-Portfolio\industrial-image-defect-detection\data\raw\mvtec_ad\bottle\train\good\194.png,bottle,train,good,normal,False,,False
C:\Users\admin\Documents\Sandvik-Portfolio\industrial-image-defect-detection\data\raw\mvtec_ad\bottle\train\good\195.png,bottle,train,good,normal,False,,False
C:\Users\admin\Documents\Sandvik-Portfolio\industrial-image-defect-detection\data\raw\mvtec_ad\bottle\train\good\196.png,bottle,train,good,normal,False,,False
C:\Users\admin\Documents\Sandvik-Portfolio\industrial-image-defect-detection\data\raw\mvtec_ad\bottle\train\good\197.png,bottle,train,good,normal,False,,False
C:\Users\admin\Documents\Sandvik-Portfolio\industrial-image-defect-detection\data\raw\mvtec_ad\bottle\train\good\198.png,bottle,train,good,normal,False,,False
C:\Users\admin\Documents\Sandvik-Portfolio\industrial-image-defect-detection\data\raw\mvtec_ad\bottle\train\good\199.png,bottle,train,good,normal,False,,False
C:\Users\admin\Documents\Sandvik-Portfolio\industrial-image-defect-detection\data\raw\mvtec_ad\bottle\train\good\200.png,bottle,train,good,normal,False,,False
C:\Users\admin\Documents\Sandvik-Portfolio\industrial-image-defect-detection\data\raw\mvtec_ad\bottle\train\good\201.png,bottle,train,good,normal,False,,False
C:\Users\admin\Documents\Sandvik-Portfolio\industrial-image-defect-detection\data\raw\mvtec_ad\bottle\train\good\202.png,bottle,train,good,normal,False,,False
C:\Users\admin\Documents\Sandvik-Portfolio\industrial-image-defect-detection\data\raw\mvtec_ad\bottle\train\good\203.png,bottle,train,good,normal,False,,False
C:\Users\admin\Documents\Sandvik-Portfolio\industrial-image-defect-detection\data\raw\mvtec_ad\bottle\train\good\204.png,bottle,train,good,normal,False,,False
C:\Users\admin\Documents\Sandvik-Portfolio\industrial-image-defect-detection\data\raw\mvtec_ad\bottle\train\good\205.png,bottle,train,good,normal,False,,False
C:\Users\admin\Documents\Sandvik-Portfolio\industrial-image-defect-detection\data\raw\mvtec_ad\bottle\train\good\206.png,bottle,train,good,normal,False,,False
C:\Users\admin\Documents\Sandvik-Portfolio\industrial-image-defect-detection\data\raw\mvtec_ad\bottle\train\good\207.png,bottle,train,good,normal,False,,False
C:\Users\admin\Documents\Sandvik-Portfolio\industrial-image-defect-detection\data\raw\mvtec_ad\bottle\train\good\208.png,bottle,train,good,normal,False,,False
